Policy_document_id,Title,"Translated title","Document type","Source title","Source country","Source state","Source type","Source subtype",Published_on,"Policy citations (excl. same source)","Policy citations (inc. same source)","Document URL","Overton URL","Source specific tags","Your tags","Top topics",Languages,"Policy authors"
izade-d3e75805e3caee76efee97cb255a45bf,"Commuting, Wages, and Household Behavior",,"Working paper","IZA Institute of Labor Economics",Germany,,"think tank",,2024-07-05,0,0,https://www.iza.org/publications/dp/17128/commuting-wages-and-household-behavior,https://app.overton.io/document.php?policy_document_id=izade-d3e75805e3caee76efee97cb255a45bf,,,"Labour economics|Panel Study of Income Dynamics|Economics",eng,
bankofmexico-377d059c8178f0defb3f0df71e7c5d8f,"2024-02: Transporte Público y Precios al Consumidor: Tiendas de Cadena, Comercios Semifijos y Pequeños Negocios","2024-02: Public Transport and Consumer Prices: Chain Stores, Semi-Fixed Shops and Small Businesses","Working paper","Banco de México (Banxico)",Mexico,,government,bank,2024-05-16,0,0,https://www.banxico.org.mx/DIBM/web/documento/visor.html?clave=2024-02,https://app.overton.io/document.php?policy_document_id=bankofmexico-377d059c8178f0defb3f0df71e7c5d8f,,,"Point estimation|Bus rapid transit|Pricing",eng,"Angel Espinoza E."
trafa-7c601cd3c5c99a8cb10c04236cfd871a,"Tillgänglighet – teori och praktik","Accessibility – theory and practice",Publication,Trafikanalys,Sweden,,government,agency,2024-03-27,0,0,https://www.trafa.se/etiketter/transportovergripande/abc-om-tillganglighet-14556/,https://app.overton.io/document.php?policy_document_id=trafa-7c601cd3c5c99a8cb10c04236cfd871a,,,"Supply and demand|Measure (mathematics)|Information",swe,
anses-c7ac37fe22e32a2e5365df3d25ffdbdb,"Annexe de l'Avis de l'Anses relatif à l’état des connaissances sur l’influence du travail à distance sur la santé des travailleurs - Télétravail : Effets sur la santé et les conditions de travail - Revue de la littérature 2023","Annex to the ANSES Opinion relating to the state of knowledge on the influence of remote working on the health of workers - Teleworking: Effects on health and working conditions - Literature review 2023",Publication,ANSES,France,,government,"food and drug safety",2024-02-12,0,0,https://www.anses.fr/fr/system/files/AP2021SA0091-Anx-RapportCRD.pdf,https://app.overton.io/document.php?policy_document_id=anses-c7ac37fe22e32a2e5365df3d25ffdbdb,,,"Remote work|Outline of working time and conditions|COVID-19 pandemic",fre,
vtise-cdc0834de5885c7c8b874c6187500489,"Spatio-Temporal Investigation of Public Transport Demand Using Smart Card Data",,Publication,VTI,Sweden,,government,,2023-09-18,0,1,https://vti.diva-portal.org/smash/record.jsf?dswid=683&pid=diva2%3A1800939&c=448&searchType=RESEARCH&language=en&query=&af=%5B%5D&aq=%5B%5B%5D%5D&aq2=%5B%5B%5D%5D&aqe=%5B%5D&noOfRows=250&sortOrder=dayCreated_desc&sortOrder2=title_sort_asc&onlyFullText=false&sf=all,https://app.overton.io/document.php?policy_document_id=vtise-cdc0834de5885c7c8b874c6187500489,,,"Ordinary least squares|Spatial analysis|Modifiable areal unit problem",eng,
parliamentofmexico-9cc4b09bac56dc1d859fcdfea8cdd001,"Gaceta Parlamentaria","Parliamentary Gazette",Publication,"Congreso General de los Estados Unidos Mexicanos",Mexico,,government,,2023-09-12,0,0,https://gaceta.diputados.gob.mx/PDF/65/2023/sep/20230912-IV-1-1.pdf,https://app.overton.io/document.php?policy_document_id=parliamentofmexico-9cc4b09bac56dc1d859fcdfea8cdd001,,,"Mexico|Concession (contract)|Rail transport",spa,
vtise-023d43a72e452154b60edc35d9caf885,"Walk this way : How do individuals with different preferences for active travel modes respond to walkability?",,Publication,VTI,Sweden,,government,,2023-07-10,0,1,https://vti.diva-portal.org/smash/record.jsf?dswid=683&pid=diva2%3A1785747&c=498&searchType=RESEARCH&language=en&query=&af=%5B%5D&aq=%5B%5B%5D%5D&aq2=%5B%5B%5D%5D&aqe=%5B%5D&noOfRows=250&sortOrder=dayCreated_desc&sortOrder2=title_sort_asc&onlyFullText=false&sf=all,https://app.overton.io/document.php?policy_document_id=vtise-023d43a72e452154b60edc35d9caf885,,,"Logistic regression|Survey methodology|Walkability",eng,
izade-1a9d4d12437aab44e089702fc95f16be,"Feelings in Travel Episodes and Extreme Temperatures",,"Working paper","IZA Institute of Labor Economics",Germany,,"think tank",,2023-06-19,0,0,https://www.iza.org/publications/dp/16241/feelings-in-travel-episodes-and-extreme-temperatures,https://app.overton.io/document.php?policy_document_id=izade-1a9d4d12437aab44e089702fc95f16be,,,"Regression analysis|Standard score|Errors and residuals",eng,
oecddiscovery-d475296db0a72b14afd1641215c0ec17,"Distributional effects of urban transport policies to discourage car use",,"Working paper",OECD,IGO,,igo,,2023-03-03,2,5,https://dx.doi.org/https://doi.org/10.1787/8bf57103-en,https://app.overton.io/document.php?policy_document_id=oecddiscovery-d475296db0a72b14afd1641215c0ec17,,,"Parking|Road pricing|Tax",eng,"Robin Lindsey|Ioannis Tikoudis|Katherine Hassett"
ifs-8d9341a82fe288d69922f63f93a67979,"Identifying network ties from panel data: theory and an application to tax competition",,"Working paper","Institute for Fiscal Studies",UK,,"think tank",,2023-01-18,0,0,https://ifs.org.uk/publications/identifying-network-ties-panel-data-theory-and-application-tax-competition-0,https://app.overton.io/document.php?policy_document_id=ifs-8d9341a82fe288d69922f63f93a67979,,,"Generalized method of moments|Rank (linear algebra)|Ordinary least squares",eng,"Áureo de Paula|Imran Rasul"
ipeabr-0a7c827ab9d4e6e554ef2f36e951ed6a,"Introdução à acessibilidade urbana: um guia prático em R","Introduction to urban accessibility: a practical guide in R",Publication,"Instituto de Pesquisa Econômica Aplicada",Brazil,,"think tank",,2023-01-01,0,0,https://www.ipea.gov.br/portal/publicacao-item?id=a1e95f5d-60e7-4fc0-a933-3734bf50c062,https://app.overton.io/document.php?policy_document_id=ipeabr-0a7c827ab9d4e6e554ef2f36e951ed6a,,,"Text file|Fortaleza Metro|Accessibility",por,
ipeabr-55c24a905d17e68d72c51b8195d3df61,"Introduction to urban accessibility : a practical guide with R",,Publication,"Instituto de Pesquisa Econômica Aplicada",Brazil,,"think tank",,2023-01-01,0,0,https://www.ipea.gov.br/portal/publicacao-item?id=d6240605-d90f-4043-8db6-516ee0d75910,https://app.overton.io/document.php?policy_document_id=ipeabr-55c24a905d17e68d72c51b8195d3df61,,,"GTFS|Accessibility (transport)|Data analysis",eng,
ipeabr-55c24a905d17e68d72c51b8195d3df61,"Introduction to urban accessibility : a practical guide with R",,Publication,"Instituto de Pesquisa Econômica Aplicada",Brazil,,"think tank",,2023-01-01,0,0,https://www.ipea.gov.br/portal/publicacao-item?id=d6240605-d90f-4043-8db6-516ee0d75910,https://app.overton.io/document.php?policy_document_id=ipeabr-55c24a905d17e68d72c51b8195d3df61,,,"Accessibility|Branches of science|Geography",eng,
ipeabr-6818b1585366211e2af065139b59156a,"Desigualdades raciais e de renda no acesso à saúde nas cidades brasileiras","Racial and income inequalities in access to healthcare in Brazilian cities",Publication,"Instituto de Pesquisa Econômica Aplicada",Brazil,,"think tank",,2023-01-01,0,0,https://www.ipea.gov.br/portal/publicacao-item?id=7c874904-171d-477e-af94-14ecd83a56d6,https://app.overton.io/document.php?policy_document_id=ipeabr-6818b1585366211e2af065139b59156a,,,"Sistema Único de Saúde|Health|Public transport",por,
ipeabr-6818b1585366211e2af065139b59156a,"Desigualdades raciais e de renda no acesso à saúde nas cidades brasileiras","Racial and income inequalities in access to healthcare in Brazilian cities",Publication,"Instituto de Pesquisa Econômica Aplicada",Brazil,,"think tank",,2023-01-01,0,0,https://www.ipea.gov.br/portal/publicacao-item?id=7c874904-171d-477e-af94-14ecd83a56d6,https://app.overton.io/document.php?policy_document_id=ipeabr-6818b1585366211e2af065139b59156a,,,"Health|Pará|Sistema Único de Saúde",por,
ipeabr-7d83fb47197df879673977fcb846d67e,"Os impactos desiguais do congestionamento urbano no acesso a empregos","The uneven impacts of urban congestion on access to jobs",Publication,"Instituto de Pesquisa Econômica Aplicada",Brazil,,"think tank",,2023-01-01,0,0,https://www.ipea.gov.br/portal/publicacao-item?id=854ccf4c-f1aa-4bdf-8135-7b7e90857e02,https://app.overton.io/document.php?policy_document_id=ipeabr-7d83fb47197df879673977fcb846d67e,,,Time|Traffic|Poverty,por,
vtise-52e6b0e7387555b2ca964ca857dc6f00,"Äldre förare av motorfordon i trafikolycka : analys av data från Strada 2010–2019","Older drivers of motor vehicles in traffic accidents : analysis of data from Strada 2010–2019",Publication,VTI,Sweden,,government,,2022-12-16,0,0,https://vti.diva-portal.org/smash/record.jsf?dswid=761&pid=diva2%3A1720026&c=373&searchType=RESEARCH&language=en&query=&af=%5B%5D&aq=%5B%5B%5D%5D&aq2=%5B%5B%5D%5D&aqe=%5B%5D&noOfRows=250&sortOrder=dayCreated_desc&sortOrder2=title_sort_asc&onlyFullText=false&sf=all,https://app.overton.io/document.php?policy_document_id=vtise-52e6b0e7387555b2ca964ca857dc6f00,,,"Speed limit|Truck|Risk",swe,
vtise-a77fc22e1ac5e630cbd178873c9a595b,"Äldre förare av motorfordon i trafikolycka : analys av data från Strada 2010–2019","Older drivers of motor vehicles in traffic accidents : analysis of data from Strada 2010–2019",Publication,VTI,Sweden,,government,,2022-12-16,0,0,https://vti.diva-portal.org/smash/record.jsf?dswid=4798&pid=diva2%3A1720026&c=455&searchType=RESEARCH&language=en&query=&af=%5B%5D&aq=%5B%5B%5D%5D&aq2=%5B%5B%5D%5D&aqe=%5B%5D&noOfRows=250&sortOrder=dayCreated_desc&sortOrder2=title_sort_asc&onlyFullText=false&sf=all,https://app.overton.io/document.php?policy_document_id=vtise-a77fc22e1ac5e630cbd178873c9a595b,,,"Speed limit|Truck|Risk",swe,
vtise-a53f3c84a9ecfa94b4ea040a10e26d6e,"Äldre förare av motorfordon i trafikolycka : analys av data från Strada 2010–2019","Older drivers of motor vehicles in traffic accidents : analysis of data from Strada 2010–2019",Publication,VTI,Sweden,,government,,2022-12-16,0,0,https://vti.diva-portal.org/smash/record.jsf?dswid=-423&pid=diva2%3A1720026&c=549&searchType=RESEARCH&language=en&query=&af=%5B%5D&aq=%5B%5B%5D%5D&aq2=%5B%5B%5D%5D&aqe=%5B%5D&noOfRows=250&sortOrder=dayCreated_desc&sortOrder2=title_sort_asc&onlyFullText=false&sf=all,https://app.overton.io/document.php?policy_document_id=vtise-a53f3c84a9ecfa94b4ea040a10e26d6e,,,"Speed limit|Truck|Risk",swe,
vtise-954528545f5db1ca74127761c4da18a8,"Äldre förare av motorfordon i trafikolycka : analys av data från Strada 2010–2019","Older drivers of motor vehicles in traffic accidents : analysis of data from Strada 2010–2019",Publication,VTI,Sweden,,government,,2022-12-16,0,0,https://vti.diva-portal.org/smash/record.jsf?dswid=683&pid=diva2%3A1720026&c=737&searchType=RESEARCH&language=en&query=&af=%5B%5D&aq=%5B%5B%5D%5D&aq2=%5B%5B%5D%5D&aqe=%5B%5D&noOfRows=250&sortOrder=dayCreated_desc&sortOrder2=title_sort_asc&onlyFullText=false&sf=all,https://app.overton.io/document.php?policy_document_id=vtise-954528545f5db1ca74127761c4da18a8,,,"Speed limit|Truck|Risk",swe,
governmentofindonesia-ebaff4275ef49697eff9fb5f7045aabe,"Versi EnglishPaper The Implementation of the Potensia Apps for Online Psychological Assessment during the Pandemic for Highschool Students in West Sumatra",,"Scholarly article","Government of Indonesia",Indonesia,,government,,2022-11-30,0,0,http://download.garuda.kemdikbud.go.id/article.php?article=3274114&val=28749&title=The%20Implementation%20of%20the%20Potensia%20Apps%20for%20Online%20Psychological%20Assessment%20during%20the%20Pandemic%20for%20Highschool%20Students%20in%20West%20Sumatra,https://app.overton.io/document.php?policy_document_id=governmentofindonesia-ebaff4275ef49697eff9fb5f7045aabe,,,"School counselor|Psychology|Counseling psychology",eng,"Ministry of Education and Culture"
europa-21b9a0138a47052832bfa6b72450a30c,"Transport poverty : a systematic literature review in Europe.",,Publication,"Publications Office of the European Union",EU,,government,,2022-11-18,0,0,https://op.europa.eu/en/publication-detail/-/publication/0422e50e-6a35-11ed-b14f-01aa75ed71a1/language-en/format-PDF,https://app.overton.io/document.php?policy_document_id=europa-21b9a0138a47052832bfa6b72450a30c,,,"Cost of living|Poverty|Gender mainstreaming",eng,"Joint Research Centre (European Commission)|Mejía Dorantes, L|Murauskaite-Bull, I"
jointresearcheu-fe844861c32571b4f90bdc5567b7046b,"Transport Poverty: A systematic literature review in Europe",,Publication,"Joint Research Centre",EU,,government,agency,2022-11-16,12,14,https://publications.jrc.ec.europa.eu/repository/handle/JRC129559,https://app.overton.io/document.php?policy_document_id=jointresearcheu-fe844861c32571b4f90bdc5567b7046b,"Energy and transport|Environment and climate change|Health and consumer protection",,"Cost of living|Poverty|Gender mainstreaming",eng,"MEJÍA DORANTES Lucía|MURAUSKAITE-BULL Ingrida"
stateoftennessee-5836e0a5c677dac7b4d35f33230fd429,"Using Big Data and Machine Learning to Evaluate and Rank the Performance of Traffic Signals in Tennessee",,Publication,"State of Tennessee",USA,,government,,2022-10-07,0,1,https://www.tn.gov/content/dam/tn/tdot/long-range-planning/research/final-reports/res2021-final-reports/RES2021-09_Final_Report_Approved.pdf,https://app.overton.io/document.php?policy_document_id=stateoftennessee-5836e0a5c677dac7b4d35f33230fd429,,,"Cluster analysis|Computer network|K-means clustering",eng,
wcpp-3c16e4cd72f5ad389e07a60afbc31ba1,"International review of effective anti-poverty policies and programmes",,Publication,"Wales Centre for Public Policy",UK,,"think tank",,2022-09-14,3,7,https://wcpp.org.uk/publication/international-review-of-effective-anti-poverty-policies-and-programmes/,https://app.overton.io/document.php?policy_document_id=wcpp-3c16e4cd72f5ad389e07a60afbc31ba1,,,"Demand-responsive transport|Shared transport|Carpool",eng,"Irene Bucelli|Abigail McKnight"
worldbank-9fd54e7c3e077cba056c31902e900c89,"Mobility and Resilience : A Global Assessment of Flood Impacts on Road Transportation Networks",,"Working paper","World Bank",IGO,,igo,"development bank",2022-05-18,0,0,https://openknowledge.worldbank.org/handle/10986/37452,https://app.overton.io/document.php?policy_document_id=worldbank-9fd54e7c3e077cba056c31902e900c89,,,"Flood|Climate resilience|Cluster analysis",eng,"He, Yiyi|Rentschler, Jun|Avner, Paolo|Gao, Jianxi|Yue, Xiangyu|Radke, John"
worldbank-bbbc380d409ddf87620a5c5203c7a4a5,"Is a Mile for One a Mile for All? : A Knowledge Synthesis Report on Gender and Mobility (2000–20)",,Publication,"World Bank",IGO,,igo,"development bank",2022-04-29,0,3,https://openknowledge.worldbank.org/handle/10986/37354,https://app.overton.io/document.php?policy_document_id=worldbank-bbbc380d409ddf87620a5c5203c7a4a5,,,"Disability|Public transport|Poverty",eng,"Alam, Muneeza Mehmood|Kurshitashvili, Nato|Dominguez Gonzalez, Karla|Gonzalez Carvajal, Karla|Baruah, Bipasha"
ipeabr-a07d9ffdafe3f955bbc7be237cefb23e,Saúde,Health,Publication,"Instituto de Pesquisa Econômica Aplicada",Brazil,,"think tank",,2022-03-01,0,0,https://www.ipea.gov.br/portal/publicacao-item?id=b0e6cae4-2cdd-4adc-9b43-a61fdd12df90,https://app.overton.io/document.php?policy_document_id=ipeabr-a07d9ffdafe3f955bbc7be237cefb23e,,,"COVID-19 pandemic|Sistema Único de Saúde|Mental health",por,
worldbank-26160fc0a96233a26311a2cccdbc1f5a,"Cox's Bazar : Inclusive Growth Diagnostic",,Publication,"World Bank",IGO,,igo,"development bank",2022-01-18,0,1,https://openknowledge.worldbank.org/handle/10986/36841,https://app.overton.io/document.php?policy_document_id=worldbank-26160fc0a96233a26311a2cccdbc1f5a,,,"Rohingya refugees in Bangladesh|Economic growth|Kutupalong refugee camp",eng,
ipeabr-031c725a70ded349cfc07c4cecb604d3,"Estimativas de acessibilidade a empregos e serviços públicos via transporte ativo, público e privado nas vinte maiores cidades do Brasil no período 2017-2019","Estimates of accessibility to jobs and public services via active, public and private transport in the twenty largest cities in Brazil in the period 2017-2019",Publication,"Instituto de Pesquisa Econômica Aplicada",Brazil,,"think tank",,2022-01-01,0,0,https://www.ipea.gov.br/portal/publicacao-item?id=f1d4b22c-c7af-4ea7-b9e9-7e3d6d9ffdae,https://app.overton.io/document.php?policy_document_id=ipeabr-031c725a70ded349cfc07c4cecb604d3,,,Data|Traffic|Time,por,
ipeabr-031c725a70ded349cfc07c4cecb604d3,"Estimativas de acessibilidade a empregos e serviços públicos via transporte ativo, público e privado nas vinte maiores cidades do Brasil no período 2017-2019","Estimates of accessibility to jobs and public services via active, public and private transport in the twenty largest cities in Brazil in the period 2017-2019",Publication,"Instituto de Pesquisa Econômica Aplicada",Brazil,,"think tank",,2022-01-01,0,0,https://www.ipea.gov.br/portal/publicacao-item?id=f1d4b22c-c7af-4ea7-b9e9-7e3d6d9ffdae,https://app.overton.io/document.php?policy_document_id=ipeabr-031c725a70ded349cfc07c4cecb604d3,,,"Time|Traffic|Public transport",por,
ipeabr-923a35c2bc2749d1b5740745b32db500,"Políticas Sociais : Acompanhamento e Análise : n. 29, 2022","Social Policies: Monitoring and Analysis: n. 29, 2022",Publication,"Instituto de Pesquisa Econômica Aplicada",Brazil,,"think tank",,2022-01-01,0,4,https://www.ipea.gov.br/portal/publicacao-item?id=0f492f60-dc38-4101-8a23-ef72200a6d13,https://app.overton.io/document.php?policy_document_id=ipeabr-923a35c2bc2749d1b5740745b32db500,,,"COVID-19 pandemic|Sistema Único de Saúde|Mental health",por,
ipeabr-923a35c2bc2749d1b5740745b32db500,"Políticas Sociais : Acompanhamento e Análise : n. 29, 2022","Social Policies: Monitoring and Analysis: n. 29, 2022",Publication,"Instituto de Pesquisa Econômica Aplicada",Brazil,,"think tank",,2022-01-01,0,4,https://www.ipea.gov.br/portal/publicacao-item?id=0f492f60-dc38-4101-8a23-ef72200a6d13,https://app.overton.io/document.php?policy_document_id=ipeabr-923a35c2bc2749d1b5740745b32db500,,,"COVID-19 pandemic|Poverty|Bolsa Família",por,
stateofcatalunya-b2d7762f2b9af2677ad1e5605d17bdb0,"Long-term exposure to PM10 above WHO guidelines exacerbates COVID-19 severity and mortality",,"Scholarly article","Generalitat de Catalunya",Spain,,government,,2021-12-10,0,0,https://scientiasalut.gencat.cat/bitstream/handle/11351/9623/long_term_exposure_pm10_above_who_guidelines_exacerbates_covid_19_severity_and_mortality_2022.pdf?sequence=1&isAllowed=y,https://app.overton.io/document.php?policy_document_id=stateofcatalunya-b2d7762f2b9af2677ad1e5605d17bdb0,,,"Regression analysis|Air pollution|COVID-19 pandemic",eng,
europa-6824596dcb11599e10825d3d179e11e3,"Support study for the evaluation of Regulation (EU) N° 1315/2013 on Union guidelines for the development of the trans-European transport network . Annex to final report, Case study 5 : high-speed rail and the European long-distance passenger network.",,Publication,"Publications Office of the European Union",EU,,government,,2021-11-22,0,0,https://op.europa.eu/en/publication-detail/-/publication/af63e4a5-4c1b-11ec-91ac-01aa75ed71a1/language-en/format-PDF,https://app.overton.io/document.php?policy_document_id=europa-6824596dcb11599e10825d3d179e11e3,,,"Demand|High-speed rail|Rail transport",eng,"Directorate-General for Mobility and Transport (European Commission)|FGM-AMOR|Optimity Advisors|Tetra Tech International Development|TIS"
worldbank-ccab132c87e58cd030ce24a6c433cfab,"Building an Equitable Society in Colombia",,Publication,"World Bank",IGO,,igo,"development bank",2021-11-10,8,9,https://openknowledge.worldbank.org/handle/10986/36535,https://app.overton.io/document.php?policy_document_id=worldbank-ccab132c87e58cd030ce24a6c433cfab,,,"Economic inequality|Labour economics|Poverty",eng,
vtise-97f2d6d16c834ac1391b07caeab404fe,"Förändringar i transportrelaterad välfärd och myndighetsförtroende : en studie om personer som fått sitt körkort återkallat på grund av synfältsbortfall","Changes in transport-related well-being and trust in authorities: a study of people with impaired vision",Publication,VTI,Sweden,,government,,2021-10-28,0,0,https://vti.diva-portal.org/smash/record.jsf?dswid=683&pid=diva2%3A1617036&c=1079&searchType=RESEARCH&language=en&query=&af=%5B%5D&aq=%5B%5B%5D%5D&aq2=%5B%5B%5D%5D&aqe=%5B%5D&noOfRows=250&sortOrder=dayCreated_desc&sortOrder2=title_sort_asc&onlyFullText=false&sf=all,https://app.overton.io/document.php?policy_document_id=vtise-97f2d6d16c834ac1391b07caeab404fe,,,"Content analysis|Health|Disability",swe,
vtise-1f1c6b99a1ca9ffe8cf0ddfc297192cf,"Äldre bilförare : En litteraturgenomgång","Older drivers : A literature review",Publication,VTI,Sweden,,government,,2021-10-13,0,0,https://vti.diva-portal.org/smash/record.jsf?dswid=683&pid=diva2%3A1603222&c=1131&searchType=RESEARCH&language=en&query=&af=%5B%5D&aq=%5B%5B%5D%5D&aq2=%5B%5B%5D%5D&aqe=%5B%5D&noOfRows=250&sortOrder=dayCreated_desc&sortOrder2=title_sort_asc&onlyFullText=false&sf=all,https://app.overton.io/document.php?policy_document_id=vtise-1f1c6b99a1ca9ffe8cf0ddfc297192cf,,,"Diabetes|Dementia|Cardiovascular disease",swe,
izade-14b63d4ee9480b0e040f627c6d504550,"Carpooling: User Profiles and Well-being",,"Working paper","IZA Institute of Labor Economics",Germany,,"think tank",,2021-09-19,0,0,https://www.iza.org/publications/dp/14736/carpooling-user-profiles-and-well-being,https://app.overton.io/document.php?policy_document_id=izade-14b63d4ee9480b0e040f627c6d504550,,,"Plug-in hybrid|Fuel economy in automobiles|Regression analysis",eng,
bancoes-e60854924b4229a22f3139adc2b10141,"Documentos Ocasionales. 2122. El acceso a servicios en la España rural","Occasional Documents. 2122. Access to services in rural Spain",Publication,"Banco de España",Spain,,government,bank,2021-09-02,2,5,https://www.bde.es/f/webbde/SES/Secciones/Publicaciones/PublicacionesSeriadas/DocumentosOcasionales/21/Fich/do2122.pdf,https://app.overton.io/document.php?policy_document_id=bancoes-e60854924b4229a22f3139adc2b10141,,,"European Union|Computer accessibility|Land value tax",spa,
ipeabr-5569eb217ed2826bdbad475be2dc6fe1,"TD 2673 - Tendências e desigualdades da mobilidade urbana no Brasil I: o uso do transporte coletivo e individual","TD 2673 - Trends and inequalities of urban mobility in Brazil I: the use of collective and individual transport",Publication,"Instituto de Pesquisa Econômica Aplicada",Brazil,,"think tank",,2021-07-22,0,1,http://www.ipea.gov.br/portal/index.php?option=com_content&view=article&id=38324,https://app.overton.io/document.php?policy_document_id=ipeabr-5569eb217ed2826bdbad475be2dc6fe1,,,"Transit-oriented development|Public transport|COVID-19 pandemic",por,"Rodrigo Costa"
europa-b487dc2dec3a8fc229b07bd21c07825a,"Access and cost of education and health services : preparing regions for demographic change.",,Publication,"Publications Office of the European Union",EU,,government,,2021-07-14,0,0,https://op.europa.eu/en/publication-detail/-/publication/35709b5d-e518-11eb-a1a5-01aa75ed71a1/language-en/format-PDF,https://app.overton.io/document.php?policy_document_id=europa-b487dc2dec3a8fc229b07bd21c07825a,,,"Health care|Population decline|Total fertility rate",eng,"Joint Research Centre (European Commission)|Organisation for Economic Co-operation and Development"
ipeabr-327005276662dee2793b29b7367d757f,"Tendências e desigualdades da mobilidade urbana no Brasil I : o uso do transporte coletivo e individual","Trends and inequalities in urban mobility in Brazil I: the use of collective and individual transport",Publication,"Instituto de Pesquisa Econômica Aplicada",Brazil,,"think tank",,2021-07-01,0,0,https://www.ipea.gov.br/portal/publicacao-item?id=0597865a-d364-4451-9952-d910509fdc10,https://app.overton.io/document.php?policy_document_id=ipeabr-327005276662dee2793b29b7367d757f,,,"Transit-oriented development|Public transport|COVID-19 pandemic",por,
oecddiscovery-ee720dd682086ae84ccf910fab6f2b3f,"Access and Cost of Education and Health Services",,Publication,OECD,IGO,,igo,,2021-06-30,27,57,https://dx.doi.org/10.1787/4ab69cf3-en,https://app.overton.io/document.php?policy_document_id=oecddiscovery-ee720dd682086ae84ccf910fab6f2b3f,,,"Health care|School|Population decline",eng,
jointresearcheu-a31f68a36cd157a589af87dde76fcf93,"Access and Cost of Education and Health Services",,Publication,"Joint Research Centre",EU,,government,agency,2021-06-25,4,5,https://publications.jrc.ec.europa.eu/repository/handle/JRC125015,https://app.overton.io/document.php?policy_document_id=jointresearcheu-a31f68a36cd157a589af87dde76fcf93,"Health and consumer protection|Innovation and growth|JRC corporate",,"Health care|School|Total fertility rate",eng,"JACOBS Christiaan|KOMPIL Mert|MORENO-MONROY Ana"
vtise-e646cb9e9a2ce246f364c4dc2085a7ef,"Vardagen i rörelse : en forsknings- och kunskapsöversikt om familjers vardagsmobilitet, social hållbarhet och mobilitetsrättvisa","Everyday life in motion : a research and knowledge overview on families&#39; everyday mobility, social sustainability and mobility justice",Publication,VTI,Sweden,,government,,2021-06-15,1,6,https://vti.diva-portal.org/smash/record.jsf?dswid=683&pid=diva2%3A1566725&c=1233&searchType=RESEARCH&language=en&query=&af=%5B%5D&aq=%5B%5B%5D%5D&aq2=%5B%5B%5D%5D&aqe=%5B%5D&noOfRows=250&sortOrder=dayCreated_desc&sortOrder2=title_sort_asc&onlyFullText=false&sf=all,https://app.overton.io/document.php?policy_document_id=vtise-e646cb9e9a2ce246f364c4dc2085a7ef,,,"Intersectionality|Racial segregation|Culture",swe,
vtise-fa330d5c9729a54a351214d56dbddf48,"What are we missing when we measure accessibility? : Comparing calculated and self-reported accounts among older people",,"Scholarly article",VTI,Sweden,,government,,2021-05-28,0,0,https://vti.diva-portal.org/smash/record.jsf?dswid=683&pid=diva2%3A1844027&c=230&searchType=RESEARCH&language=en&query=&af=%5B%5D&aq=%5B%5B%5D%5D&aq2=%5B%5B%5D%5D&aqe=%5B%5D&noOfRows=250&sortOrder=dayCreated_desc&sortOrder2=title_sort_asc&onlyFullText=false&sf=all,https://app.overton.io/document.php?policy_document_id=vtise-fa330d5c9729a54a351214d56dbddf48,,,"Statistics|Interquartile range|Rush hour",eng,
europa-3e5d08875a7014149cc533d013429dd1,"Evaluating the impact of nature-based solutions : appendix of methods.",,Publication,"Publications Office of the European Union",EU,,government,,2021-05-04,1,1,https://op.europa.eu/en/publication-detail/-/publication/6da29d54-ad4e-11eb-9767-01aa75ed71a1/language-en/format-PDF,https://app.overton.io/document.php?policy_document_id=europa-3e5d08875a7014149cc533d013429dd1,,,"Green infrastructure|Wetland|Carbon sequestration",eng,"Directorate-General for Research and Innovation (European Commission)|Dumitru, Adina|Wendling, Laura"
europa-d7cf0b4cbdb2fc2e66ed638480b8c134,"Evaluating the impact of nature-based solutions : a handbook for practitioners.",,Publication,"Publications Office of the European Union",EU,,government,,2021-05-04,14,19,https://op.europa.eu/en/publication-detail/-/publication/d7d496b5-ad4e-11eb-9767-01aa75ed71a1/language-en/format-PDF,https://app.overton.io/document.php?policy_document_id=europa-d7cf0b4cbdb2fc2e66ed638480b8c134,,,"Nature-based solutions|Impact evaluation|United Nations Office for Disaster Risk Reduction",eng,"Directorate-General for Research and Innovation (European Commission)"
iiasaat-db6b5fa136139e58a15f3d2f79ed68ff,"How much mobility infrastructure is required for decent mobility standards? A comparative assessment and explorative modelling",,Publication,IIASA,Austria,,"think tank","research center",2021-02-16,0,0,https://pure.iiasa.ac.at/id/eprint/17802/?template=default_internal,https://app.overton.io/document.php?policy_document_id=iiasaat-db6b5fa136139e58a15f3d2f79ed68ff,ECE|prog_ysp,,"Human Development Index|Sustainability|Infrastructure",eng,"Virag, D."
worldbank-dc71567bd60a50e1b3bdc01468abf8f0,"Roads Development Optimization for All-Season Service Accessibility Improvement in Rural Nepal Using a Novel Cost-Time Model and Evolutionary Algorithm",,"Working paper","World Bank",IGO,,igo,"development bank",2021-01-28,0,0,https://openknowledge.worldbank.org/handle/10986/35073,https://app.overton.io/document.php?policy_document_id=worldbank-dc71567bd60a50e1b3bdc01468abf8f0,,,"Mathematical optimization|Multi-objective optimization|Crossover (genetic algorithm)",eng,"Heyns, Andries|Banick, Robert|Regmi, Suraj"
governmentofcanada-02fe85f0e22109804fb09a53a5c4ec6a,"Measuring proximity to services and amenities : an experimental set of indicators for neighbourhoods and localities / by Alessandro Alasia, Nick Newstead, Joseph Kuchar and Marian Radulescu.: CS18-001/2020-1E-PDF Publications - Canada.ca",,Publication,"Government of Canada",Canada,,government,,2021-01-01,0,0,http://publications.gc.ca/site/eng/9.893207/publication.html,https://app.overton.io/document.php?policy_document_id=governmentofcanada-02fe85f0e22109804fb09a53a5c4ec6a,,,"Census geographic units of Canada|Provinces and territories of Canada|Decibel",eng,"Statistics Canada, issuing body"
oecddiscovery-5bca390da0e113f235d4d62a8337e451,"Measuring Accessibility",,"Working paper",OECD,IGO,,igo,,2020-11-23,2,3,https://dx.doi.org/10.1787/8687d1db-en,https://app.overton.io/document.php?policy_document_id=oecddiscovery-5bca390da0e113f235d4d62a8337e451,,,"Time|International Transport Forum|Multinomial logistic regression",eng,"Eric Miller"
oecddiscovery-b4ee4ab2fe21faeba4e51b9e065d1f58,"Dimensions of Accessibility Benefits",,"Working paper",OECD,IGO,,igo,,2020-11-23,1,2,https://dx.doi.org/10.1787/32b02925-en,https://app.overton.io/document.php?policy_document_id=oecddiscovery-b4ee4ab2fe21faeba4e51b9e065d1f58,,,"International Transport Forum|Accessibility|Public transport",eng,"Andrés Monzón|Elena López"
internationaltransportforum-dbc533187c0d1a4fdf0983be95cd7846,"Dimensions of Accessibility Benefits",,Publication,"International Transport Forum",IGO,,igo,,2020-11-20,2,2,https://www.itf-oecd.org/accessibility-benefit-dimensions,https://app.overton.io/document.php?policy_document_id=internationaltransportforum-dbc533187c0d1a4fdf0983be95cd7846,,,"Accessibility|Quality of life|Ed Diener",eng,
internationaltransportforum-8f124ccd611397de87abdcdd15af3998,"Measuring Accessibility",,Publication,"International Transport Forum",IGO,,igo,,2020-11-20,0,0,https://www.itf-oecd.org/measuring-accessibility,https://app.overton.io/document.php?policy_document_id=internationaltransportforum-8f124ccd611397de87abdcdd15af3998,,,"Multinomial logistic regression|Accessibility|Utility",eng,
internationaltransportforum-fe80a290b2fcb6a283b078a3d4ff5cd1,"Accessibility and Transport Appraisal",,Publication,"International Transport Forum",IGO,,igo,,2020-11-19,0,0,https://www.itf-oecd.org/accessibility-and-transport-appraisal-0,https://app.overton.io/document.php?policy_document_id=internationaltransportforum-fe80a290b2fcb6a283b078a3d4ff5cd1,,,"Accessibility|Cost–benefit analysis|Discrete choice",eng,
internationaltransportforum-a8da0a445e505522de53aca31b8c0c04,"Accessibility and Transport Appraisal",,Publication,"International Transport Forum",IGO,,igo,,2020-11-19,0,0,https://www.itf-oecd.org/accessibility-transport-appraisal,https://app.overton.io/document.php?policy_document_id=internationaltransportforum-a8da0a445e505522de53aca31b8c0c04,,,"Accessibility|Cost–benefit analysis|Discrete choice",eng,
oecddiscovery-d638e013ee27d770146cfd3314e73310,"Accessibility and Transport Appraisal",,"Working paper",OECD,IGO,,igo,,2020-11-19,0,1,https://dx.doi.org/10.1787/58a96ff1-en,https://app.overton.io/document.php?policy_document_id=oecddiscovery-d638e013ee27d770146cfd3314e73310,,,"International Transport Forum|Real estate appraisal|Cost–benefit analysis",eng,"Karst Guers"
cimmyt-e6621b2314df9bdd69c60d11593ae007,"Compendium on solar powered irrigation systems in India",,Publication,"Centro Internacional de Mejoramiento de Maíz y Trigo (CIMMYT)",Mexico,,"think tank","research center",2020-09-23,0,0,https://repository.cimmyt.org/handle/10883/21229,https://app.overton.io/document.php?policy_document_id=cimmyt-e6621b2314df9bdd69c60d11593ae007,,,"Solar power|International Water Management Institute|Photovoltaics",eng,
cgiar-02929aa45a78336b7bf61a732e662b0b,"Compendium on Solar Powered Irrigation Systems in India",,Publication,CGIAR,France,,"think tank","research center",2020-09-01,3,4,https://cgspace.cgiar.org/handle/10568/109736,https://app.overton.io/document.php?policy_document_id=cgiar-02929aa45a78336b7bf61a732e662b0b,,,"Solar power|States and union territories of India|International Water Management Institute",eng,"Sikka, Alok K.|Verma, Shilp|Ghose, Nilanjan|Senoner, Diego|Durga, Neha|Saini, Sakshi|Shirsath, Paresh Bhaskar"
lincolninstitute-974f93c5d539f79636b62c04120ed899,"Value Capture Beyond Public Land Leasing",,"Working paper","Lincoln Institute",USA,,"think tank",,2020-08-25,0,0,https://www.lincolninst.edu/publications/working-papers/value-capture-beyond-public-land-leasing,https://app.overton.io/document.php?policy_document_id=lincolninstitute-974f93c5d539f79636b62c04120ed899,,,"Rapid transit|Tax|Shenzhen",eng,
oecddiscovery-73931f458b2aab2b3adc9d9ad5c628a7,"Perspectives des transports FIT 2019","FIT Transport Outlook 2019",Publication,OECD,IGO,,igo,,2020-05-19,3,6,https://dx.doi.org/https://doi.org/10.1787/e4367294-fr,https://app.overton.io/document.php?policy_document_id=oecddiscovery-73931f458b2aab2b3adc9d9ad5c628a7,,,"Sustainable Development Goals|Transport|Cyprus",fre,ITF
ifode-c9707b1bca01590ade33c1b50a916417,"The Determinants and Effects of Social Connectedness in Europe",,"Working paper","Ifo Institute",Germany,,"think tank",,2020-05-18,0,0,https://www.cesifo.org/en/publikationen/2020/working-paper/determinants-and-effects-social-connectedness-europe,https://app.overton.io/document.php?policy_document_id=ifode-c9707b1bca01590ade33c1b50a916417,,,"Switzerland|Euroscepticism|Cluster analysis",eng,
vtise-34446c3ed52500d066165809b303a67c,"Distributional effects of public transport subsidies",,Publication,VTI,Sweden,,government,,2020-05-05,0,0,https://vti.diva-portal.org/smash/record.jsf?dswid=683&pid=diva2%3A1424381&c=1542&searchType=RESEARCH&language=en&query=&af=%5B%5D&aq=%5B%5B%5D%5D&aq2=%5B%5B%5D%5D&aqe=%5B%5D&noOfRows=250&sortOrder=dayCreated_desc&sortOrder2=title_sort_asc&onlyFullText=false&sf=all,https://app.overton.io/document.php?policy_document_id=vtise-34446c3ed52500d066165809b303a67c,,,"Public transport|Subsidy|Transit pass",eng,
who-72b7b9276d88f6dd4f3f0657f7defc7c,"Population-based projections of blood supply and demand, China, 2017–2036",,Publication,"World Health Organization",IGO,,igo,"healthcare agency",2020-01-12,0,0,https://apps.who.int/iris/handle/10665/330383,https://app.overton.io/document.php?policy_document_id=who-72b7b9276d88f6dd4f3f0657f7defc7c,,,"Blood donation|Population|China",eng,"Yu, Xiaochu|Wang, Zixing|Shen, Yubing|Liu, Zhong|Wang, Hongjie|Zhang, Shumei|Gan, Jia|Xue, Fang|Han, Wei|Shi, Xin|Hu, Yaoda|Wang, Lei|Li, Ning|Wu, Peng|Yang, Cuihong|Jiang, Jingmei"
ipeabr-8d762f43c32f98ca9d2eba14933e21e7,"TD 2535 - Desigualdades Socioespaciais de Acesso a Oportunidades nas Cidades Brasileiras - 2019","TD 2535 - Socio-spatial Inequalities of Access to Opportunities in Brazilian Cities - 2019",Publication,"Instituto de Pesquisa Econômica Aplicada",Brazil,,"think tank",,2020-01-08,5,7,http://www.ipea.gov.br/portal/index.php?option=com_content&view=article&id=35268,https://app.overton.io/document.php?policy_document_id=ipeabr-8d762f43c32f98ca9d2eba14933e21e7,,,"Transit-oriented development|Rio de Janeiro|Human",por,"Henrique Boiteux"
ipeabr-dbdabf86403aaf136d35e68f1f11587b,"Desigualdades socioespaciais de acesso a oportunidades nas cidades brasileiras – 2019","Socio-spatial inequalities in access to opportunities in Brazilian cities – 2019",Publication,"Instituto de Pesquisa Econômica Aplicada",Brazil,,"think tank",,2020-01-01,4,5,https://www.ipea.gov.br/portal/publicacao-item?id=ed3c119a-d0df-479e-94c7-5ec0fd1ccd03,https://app.overton.io/document.php?policy_document_id=ipeabr-dbdabf86403aaf136d35e68f1f11587b,,,"Time|Pará|Social inequality",por,
cityoftoronto-87e1df86a1303b17c89e4bdc0f31f534,"Toronto Employment Survey 2019 Special Topic: Toronto's Technology Sector",,Publication,"City of Toronto",Canada,,government,city,2019-12-27,0,0,https://www.toronto.ca/wp-content/uploads/2020/01/8c9c-Toronto-Employment-Survey-2019-Special-Topic-Torontos-Technology-Sector.pdf,https://app.overton.io/document.php?policy_document_id=cityoftoronto-87e1df86a1303b17c89e4bdc0f31f534,,,"Knowledge economy|Innovation|Employment",eng,
massgov-57f9403c58042c10fda4a346b40627bf,"Report No. 19-009",,Publication,"Commonwealth of Massachusetts",USA,,government,,2019-12-12,0,0,https://www.mass.gov/doc/commuter-bus-demand-incentives-for-modal-shift-and-impact-on-ghg-emissions-part-ii-1/download,https://app.overton.io/document.php?policy_document_id=massgov-57f9403c58042c10fda4a346b40627bf,,,"Mode choice|Regression analysis|Logistic regression",eng,
vtise-73fdfc017d73b8489618832d2d40a137,"Välfärdskonsekvenser för individer med återkallat körkort på grund av synfältsbortfall","Welfare consequences for individuals with a revoked driver&#39;s license due to visual field loss",Publication,VTI,Sweden,,government,,2019-12-06,0,1,https://vti.diva-portal.org/smash/record.jsf?dswid=683&pid=diva2%3A1362594&c=1655&searchType=RESEARCH&language=en&query=&af=%5B%5D&aq=%5B%5B%5D%5D&aq2=%5B%5B%5D%5D&aqe=%5B%5D&noOfRows=250&sortOrder=dayCreated_desc&sortOrder2=title_sort_asc&onlyFullText=false&sf=all,https://app.overton.io/document.php?policy_document_id=vtise-73fdfc017d73b8489618832d2d40a137,,,"Health|Branches of science|Driver's license",swe,
apo-c23d20aee6ee0e23608cb7f09d472529,"The relationship between alcohol outlets and harm",,Publication,"Analysis & Policy Observatory",Australia,,other,aggregator,2019-10-22,0,0,https://apo.org.au/node/264526,https://app.overton.io/document.php?policy_document_id=apo-c23d20aee6ee0e23608cb7f09d472529,,,"Correlation and dependence|Statistics|Violence",eng,"Health Promotion Agency (New Zealand)"
ifs-884a62e1121a55a7522fb8042e074aef,"Identifying network ties from panel data: theory and an application to tax competition",,"Working paper","Institute for Fiscal Studies",UK,,"think tank",,2019-10-21,1,1,https://ifs.org.uk/publications/identifying-network-ties-panel-data-theory-and-application-tax-competition,https://app.overton.io/document.php?policy_document_id=ifs-884a62e1121a55a7522fb8042e074aef,,,"Eigenvalues and eigenvectors|Instrumental variables estimation|Generalized method of moments",eng,"Imran Rasul|Áureo de Paula"
massinc-c9c8f3eb9445602a1c3eb5ca1db7dc4c,"Prioritizing Equitable Growth Through Fare Policy",,Publication,MassINC,USA,,"think tank",,2019-08-29,0,0,https://massinc.org/research/prioritizing-equitable-growth-through-fare-policy/,https://app.overton.io/document.php?policy_document_id=massinc-c9c8f3eb9445602a1c3eb5ca1db7dc4c,,,"MBTA Commuter Rail|Public transport|Massachusetts Bay Transportation Authority",eng,
worldbank-5697a34a0400e2cd6ecfec39a41e6373,"Measuring Inequality of Access : Modeling Physical Remoteness in Nepal",,Publication,"World Bank",IGO,,igo,"development bank",2019-08-08,3,4,https://openknowledge.worldbank.org/handle/10986/32218,https://app.overton.io/document.php?policy_document_id=worldbank-5697a34a0400e2cd6ecfec39a41e6373,,,"Data analysis|Geographic information system|Accessibility",eng,"Banick, Robert|Kawasoe, Yasuhiro"
ipbes-f9310cd5c469eddee2741cad7d088970,"Chapter 3. Assessing progress towards meeting major international objectives related to nature and nature's contributions to people",,Publication,IPBES,IGO,,igo,,2019-05-31,4,6,https://zenodo.org/record/6417320,https://app.overton.io/document.php?policy_document_id=ipbes-f9310cd5c469eddee2741cad7d088970,,,"Sustainable Development Goals|Sustainability|Biodiversity",eng,"Butchart, Stuart H M.|Miloslavich de Klein, Patricia|Reyers, Belinda|Subramanian, Suneetha M.|Adams, Cristina|Bennett, Elena|Czúcz, Bálint|Galetto, Leonardo|Galvin, Kathleen|Reyes-García, Victoria|Gerber, Leah R.|Gode, Tamrat Bekele|Jetz, Walter|Mphangwe Kosamu, Ishmael Bobby Mphangwe Kosamu|Palomo, Maria Gabriela|Panahi, Mostafa|Selig, Elizabeth R.|Singh, Gopal Shankar|Tarkhnishvili, David|Xu, Haigen|Lynch, Abigail J.|Mwampamba, Tuyeni Heita|Samakov, Aibek"
oecddiscovery-0fded0ff1699446cf63a6df16a2386ea,"ITF Transport Outlook 2019",,Publication,OECD,IGO,,igo,,2019-05-22,102,139,https://dx.doi.org/10.1787/transp_outlook-en-2019-en,https://app.overton.io/document.php?policy_document_id=oecddiscovery-0fded0ff1699446cf63a6df16a2386ea,,,"Transport|Climate change mitigation|Sustainable Development Goals",eng,ITF
ipbes-1c5ba7b7ca02852ff9f9b56ebba734f1,"Global assessment report on biodiversity and ecosystem services of the Intergovernmental Science-Policy Platform on Biodiversity and Ecosystem Services",,Publication,IPBES,IGO,,igo,,2019-05-04,593,601,https://zenodo.org/record/6417333,https://app.overton.io/document.php?policy_document_id=ipbes-1c5ba7b7ca02852ff9f9b56ebba734f1,,,"Biodiversity|Sustainability|Climate change",eng,
vtise-3cba07da7fcfe05b720bfcff70d2bfba,"Towards a capability approach to mobility : An analysis of disparities in mobility opportunities among older people",,Publication,VTI,Sweden,,government,,2019-02-11,0,0,https://vti.diva-portal.org/smash/record.jsf?dswid=683&pid=diva2%3A1844260&c=222&searchType=RESEARCH&language=en&query=&af=%5B%5D&aq=%5B%5B%5D%5D&aq2=%5B%5B%5D%5D&aqe=%5B%5D&noOfRows=250&sortOrder=dayCreated_desc&sortOrder2=title_sort_asc&onlyFullText=false&sf=all,https://app.overton.io/document.php?policy_document_id=vtise-3cba07da7fcfe05b720bfcff70d2bfba,,,"Cost of living|Categorical variable|Survey methodology",eng,
worldbank-133cabfae6e49f874fb3f33c6df03e9c,"Accessibility Across Transport Modes and Residential Developments in Nairobi",,Publication,"World Bank",IGO,,igo,"development bank",2019-01-01,2,3,https://hdl.handle.net/10986/30888,https://app.overton.io/document.php?policy_document_id=worldbank-133cabfae6e49f874fb3f33c6df03e9c,,,Poverty|Slum|Accessibility,eng,"Campbell, Kayleigh B.|Rising, James A.|Klopp, Jacqueline M.|Mbilo, Jacinta Mwikali"
apo-9dee2463bca2969f1510c7f9253b5cea,"The economic and social benefits of low-carbon cities: a systematic review of the evidence",,"Working paper","Analysis & Policy Observatory",Australia,,other,aggregator,2018-11-19,0,0,https://apo.org.au/node/204341,https://app.overton.io/document.php?policy_document_id=apo-9dee2463bca2969f1510c7f9253b5cea,,,"Air pollution|Efficient energy use|Climate change mitigation",eng,"Coalition for Urban Transitions"
gcoec-e5203b938ff9f6b7aa816cd4b40bba00,"The Economic and Social Benefits of Low-Carbon Cities: A Systematic Review of the Evidence",,"Working paper","The Global Commission on the Economy and Climate",IGO,,igo,,2018-10-17,9,11,https://newclimateeconomy.report/workingpapers/wp-content/uploads/sites/5/2018/06/CUT2018_CCCEP_final.pdf,https://app.overton.io/document.php?policy_document_id=gcoec-e5203b938ff9f6b7aa816cd4b40bba00,,,"Air pollution|Efficient energy use|Climate change mitigation",eng,
lincolninstitute-c33341ccc58bc6b86be473abeb601b98,"Movilidad cotidiana y cambios en la geografÃ­a de oportunidades en la ciudad de Santiago","Daily mobility and changes in the geography of opportunities in the city of Santiago","Working paper","Lincoln Institute",USA,,"think tank",,2018-09-25,0,1,https://www.lincolninst.edu/publications/working-papers/movilidad-cotidiana-cambios-en-la-geografia-oportunidades-en-la-ciudad,https://app.overton.io/document.php?policy_document_id=lincolninstitute-c33341ccc58bc6b86be473abeb601b98,,,Transantiago|Santiago|Transport,spa,
oecddiscovery-0925a7f03a273425e9fe2db0d05850e7,"How the Inaccessibility Index Can Improve Transport Planning and Investment",,"Working paper",OECD,IGO,,igo,,2018-08-29,5,6,https://dx.doi.org/10.1787/dafaa29d-en,https://app.overton.io/document.php?policy_document_id=oecddiscovery-0925a7f03a273425e9fe2db0d05850e7,,,"International Transport Forum|Sant Adrià de Besòs|Economy",eng,"Floridea di Ciommo"
oecddiscovery-a12fc802cb30e2f08d77000663e894a7,"Transport Planning With Accessibility Indices in the Netherlands",,"Working paper",OECD,IGO,,igo,,2018-08-29,2,3,https://dx.doi.org/10.1787/c62be65d-en,https://app.overton.io/document.php?policy_document_id=oecddiscovery-a12fc802cb30e2f08d77000663e894a7,,,"Discrete choice|International Transport Forum|Gini coefficient",eng,"Karst T Geurs"
internationaltransportforum-1a780b00aeb6ae969db92e9cc1255fad,"How the Inaccessibility Index Can Improve Transport Planning and Investment",,Publication,"International Transport Forum",IGO,,igo,,2018-08-28,1,1,https://www.itf-oecd.org/inaccessibility-index-improve-transport-planning-investment,https://app.overton.io/document.php?policy_document_id=internationaltransportforum-1a780b00aeb6ae969db92e9cc1255fad,,,"International Transport Forum|Human activities|Economy",eng,
internationaltransportforum-b2842de7db6e293fd5e81c95536da9a6,"Transport Planning With Accessibility Indices in the Netherlands",,Publication,"International Transport Forum",IGO,,igo,,2018-08-28,5,6,https://www.itf-oecd.org/transport-planning-accessibility-indices-netherlands,https://app.overton.io/document.php?policy_document_id=internationaltransportforum-b2842de7db6e293fd5e81c95536da9a6,,,"Discrete choice|Capability approach|Accessibility",eng,
randcorporation-d153f531dd68c207f42f22ca4678c0e1,"Developing a Manual for Cultural Analysis",,Publication,"RAND Corporation",USA,,"think tank","research center",2018-07-09,0,2,https://www.rand.org/pubs/tools/TL275.html,https://app.overton.io/document.php?policy_document_id=randcorporation-d153f531dd68c207f42f22ca4678c0e1,"Pardee RAND Graduate School",,"Factor analysis|Principal component analysis|Social learning in animals",eng,"Matthews, Luke J.|Brown, Ryan Andrew|Kennedy, David P."
stateofmurcia-68e8ed3f210bd24314a600264d226af8,"Impacto Socioeconómico De La Llegada Del Ave A La Región De Murcia.","Socioeconomic Impact of the Arrival of the Ave in the Region of Murcia.",Publication,"Comunidad Autónoma de la Región de Murcia",Spain,,government,,2018-06-24,0,0,https://dspace.carm.es/jspui/bitstream/20.500.11914/3364/1/Estudio%20impacto%20socioeconomico%20AVE.pdf,https://app.overton.io/document.php?policy_document_id=stateofmurcia-68e8ed3f210bd24314a600264d226af8,,,"Tourism|High-speed rail in Spain|Transport",spa,
erforgeg-f2952e1c78ad0c6fcc2bec489aac09e4,"The Commuting Gender Gap and Females’ Participation and Earnings in the Egyptian Labor Market (ERF)",,"Working paper","Economic Research Forum",Egypt,,"think tank",,2018-06-20,0,0,http://erf.org.eg/publications/the-commuting-gender-gap-and-females-participation-and-earnings-in-the-egyptian-labor-market/,https://app.overton.io/document.php?policy_document_id=erforgeg-f2952e1c78ad0c6fcc2bec489aac09e4,,,"Employment|Instrumental variables estimation|Labour economics",eng,
nice-13159c0a9002806af90b9081ed6fc154,"Physical activity and the environment",,"Clinical guidance",NICE,UK,,government,"healthcare agency",2018-03-22,45,65,https://www.nice.org.uk/guidance/ng90,https://app.overton.io/document.php?policy_document_id=nice-13159c0a9002806af90b9081ed6fc154,,,"Urban open space|Research|Accessibility",eng,
california_state_agencies-5bf035094b178f88099daccf7d71ea5a,"ADA Notice",,Publication,"State of California",USA,,government,,2018-03-21,0,0,https://dot.ca.gov/-/media/dot-media/programs/research-innovation-system-information/documents/final-reports/ca17-3135-finalreport-a11y.pdf,https://app.overton.io/document.php?policy_document_id=california_state_agencies-5bf035094b178f88099daccf7d71ea5a,,,"Discrete choice|Mathematical optimization|Logistic regression",eng,
paho-be9464bc929540409cf152e0b647adc2,"Qualidade da atenção primária no Programa Mais Médicos. A experiência dos médicos e usuários","Quality of primary care in the Mais Médicos Program. The experience of doctors and users",Publication,"Pan American Health Organization (PAHO)",IGO,,igo,,2018-01-24,0,0,https://iris.paho.org/handle/10665.2/34573,https://app.overton.io/document.php?policy_document_id=paho-be9464bc929540409cf152e0b647adc2,,,"Family|Sistema Único de Saúde|Quality (business)",por,
oecddiscovery-712b1f74a455bfd2711cb3aeddec5b53,"Linking People and Places",,"Working paper",OECD,IGO,,igo,,2017-06-01,5,8,https://dx.doi.org/10.1787/996cc49e-en,https://app.overton.io/document.php?policy_document_id=oecddiscovery-712b1f74a455bfd2711cb3aeddec5b53,,,"Cycling|Accessibility|Public transport",eng,ITF
oecddiscovery-31cf662093eadf733372a44c07da75b9,"Income Inequality, Social Inclusion and Mobility",,Publication,OECD,IGO,,igo,,2017-05-31,13,39,https://dx.doi.org/10.1787/g2g7ae77-en,https://app.overton.io/document.php?policy_document_id=oecddiscovery-31cf662093eadf733372a44c07da75b9,,,"Public transport accessibility level|Affordable housing|International Transport Forum",eng,ITF
oecddiscovery-ac83b3026aa9385b67ddc137008ae273,"The Economic Benefits of Improved Accessibility to Transport Systems",,Publication,OECD,IGO,,igo,,2017-05-31,6,11,https://dx.doi.org/https://doi.org/10.1787/9c73ac17-en,https://app.overton.io/document.php?policy_document_id=oecddiscovery-ac83b3026aa9385b67ddc137008ae273,,,"Accessibility|International Transport Forum|Cost–benefit analysis",eng,ITF
internationaltransportforum-ed2640935de8962f04992246e3cdc8d8,"The Economic Benefits of Improved Accessibility to Transport Systems",,Publication,"International Transport Forum",IGO,,igo,,2017-05-15,11,12,https://www.itf-oecd.org/economic-benefits-improved-accessibility-transport-systems,https://app.overton.io/document.php?policy_document_id=internationaltransportforum-ed2640935de8962f04992246e3cdc8d8,,,"Accessibility|Cost–benefit analysis|Disability",eng,
internationaltransportforum-63b603a4d6079561caa44adcda6ee57d,"Income Inequality, Social Inclusion and Mobility",,Publication,"International Transport Forum",IGO,,igo,,2017-05-12,13,14,https://www.itf-oecd.org/income-inequality-social-inclusion-mobility,https://app.overton.io/document.php?policy_document_id=internationaltransportforum-63b603a4d6079561caa44adcda6ee57d,,,"Public transport accessibility level|Affordable housing|Poverty",eng,
internationaltransportforum-be2d1e8b0c6d3710f35f6e73cfd3ee38,"Linking People and Places",,Publication,"International Transport Forum",IGO,,igo,,2017-05-12,7,8,https://www.itf-oecd.org/linking-people-and-places,https://app.overton.io/document.php?policy_document_id=internationaltransportforum-be2d1e8b0c6d3710f35f6e73cfd3ee38,,,"Accessibility|Data analysis|Public transport",eng,
internationaltransportforum-b5f89ff6e56fe67b366fd1475828d6b2,"Economic Benefits of Improved Accessibility to Transport Systems and the Role of Transport in Fostering Tourism for All",,Publication,"International Transport Forum",IGO,,igo,,2017-03-01,2,2,https://www.itf-oecd.org/economic-benefits-improved-accessibility-transport-systems-fostering-tourism-for-all,https://app.overton.io/document.php?policy_document_id=internationaltransportforum-b5f89ff6e56fe67b366fd1475828d6b2,,,"Accessibility|Gross domestic product|Tourism",eng,
oecddiscovery-2ad2f1c8b55b28dd4c46f2590b2e7393,"Economic Benefits of Improved Accessibility to Transport Systems and the Role of Transport in Fostering Tourism for All",,"Working paper",OECD,IGO,,igo,,2017-02-28,1,1,https://dx.doi.org/10.1787/b57673f4-en,https://app.overton.io/document.php?policy_document_id=oecddiscovery-2ad2f1c8b55b28dd4c46f2590b2e7393,,,"International Transport Forum|Accessibility|Convention on the Rights of Persons with Disabilities",eng,"Markus Rebstock"
brookings-e6bc18a5f99c19c46f70dd78842d0d5e,"Developing a common narrative on urban accessibility: A transportation perspective",,Publication,"Brookings Institution",USA,,"think tank",,2017-01-11,10,14,https://www.brookings.edu/research/developing-common-narrative-urban-accessibility-transportation/,https://app.overton.io/document.php?policy_document_id=brookings-e6bc18a5f99c19c46f70dd78842d0d5e,,,"Accessibility|Road pricing|General Transit Feed Specification",eng,"Christo Venter"
governmentofcanada-461cfe79076478c007137ab750589177,"Going the distance : estimating the effect of provincial borders on trade when geography matters / by Robby K. Bemrose, W. Mark Brown and Jesse Tweedle, Economic Analysis Division.",,Publication,"Government of Canada",Canada,,government,,2017-01-01,0,0,http://publications.gc.ca/site/eng/9.839008/publication.html,https://app.overton.io/document.php?policy_document_id=governmentofcanada-461cfe79076478c007137ab750589177,,,"Modifiable areal unit problem|Ordinary least squares|Statistics",eng,"Canada.Statistics Canada.Analytical Studies Branch."
conferenceboard-a1b46e4329c90eda00a9adacc08630db,"Managing Mobility: Transportation in an Aging Society",,Publication,"The Conference Board of Canada",Canada,,"think tank",,2016-10-19,0,0,https://www.conferenceboard.ca/e-Library/abstract.aspx?did=8293,https://app.overton.io/document.php?policy_document_id=conferenceboard-a1b46e4329c90eda00a9adacc08630db,,,"Public transport|Accessibility|Old age",eng,"Daniel Munro"
conferenceboard-b8ef7afb56f489a6d98340bd1281942a,"Gérer la mobilité : Le transport dans une société vieillissante",,Publication,"The Conference Board of Canada",Canada,,"think tank",,2016-10-19,0,0,https://www.conferenceboard.ca/e-Library/abstract.aspx?did=8294,https://app.overton.io/document.php?policy_document_id=conferenceboard-b8ef7afb56f489a6d98340bd1281942a,,,"Public transport|Accessibility|Traffic collision",eng,"Daniel Munro"
internationaltransportforum-5caf8642db9c461a483c24660ccc0dfb,"How Equitable is Access to Opportunities and Basic Services Considering the Impact of the Level of Service?",,Publication,"International Transport Forum",IGO,,igo,,2016-10-14,0,0,https://www.itf-oecd.org/how-equitable-access-opportunities-basic-services-considering-impact-level-service,https://app.overton.io/document.php?policy_document_id=internationaltransportforum-5caf8642db9c461a483c24660ccc0dfb,,,"International Transport Forum|Public transport|Accessibility",eng,
oecddiscovery-2cb1ef5064dcc9ccbe497a8d1fbb725b,"How Equitable is Access to Opportunities and Basic Services Considering the Impact of the Level of Service?",,"Working paper",OECD,IGO,,igo,,2016-10-13,0,1,https://dx.doi.org/10.1787/1a034059-en,https://app.overton.io/document.php?policy_document_id=oecddiscovery-2cb1ef5064dcc9ccbe497a8d1fbb725b,,,"International Transport Forum|Public transport|Level of service (transportation)",eng,"Ignacio Tiznado-Aitken|Juan Carlos Muñoz|Ricardo Hurtubia"
iadb-c5c6d10c886f43730adf6e914a283df1,"Transporte urbano y pobreza: Efectos de los Sistemas de Transporte Rápido de Autobuses apoyados por el BID sobre la movilidad y el acceso Cali y Lima","Urban transport and poverty: Effects of Rapid Bus Transportation Systems supported by the IDB on mobility and access Cali and Lima",Publication,"Inter-American Development Bank",IGO,,igo,"development bank",2016-09-15,2,3,https://publications.iadb.org/es/publicacion/17134/transporte-urbano-y-pobreza-efectos-de-los-sistemas-de-transporte-rapido-de,https://app.overton.io/document.php?policy_document_id=iadb-c5c6d10c886f43730adf6e914a283df1,,,"Bus rapid transit|Public transport|Poverty",eng,"Scholl, Lynn|Bouillon, César P.|Oviedo, Daniel|Corsetto, Lisa|Jansson, Maya"
iadb-c5c6d10c886f43730adf6e914a283df1,"Transporte urbano y pobreza: Efectos de los Sistemas de Transporte Rápido de Autobuses apoyados por el BID sobre la movilidad y el acceso Cali y Lima","Urban transport and poverty: Effects of Rapid Bus Transportation Systems supported by the IDB on mobility and access Cali and Lima",Publication,"Inter-American Development Bank",IGO,,igo,"development bank",2016-09-15,2,3,https://publications.iadb.org/es/publicacion/17134/transporte-urbano-y-pobreza-efectos-de-los-sistemas-de-transporte-rapido-de,https://app.overton.io/document.php?policy_document_id=iadb-c5c6d10c886f43730adf6e914a283df1,,,"Bus rapid transit|Transport|Masivo Integrado de Occidente",spa,"Scholl, Lynn|Bouillon, César P.|Oviedo, Daniel|Corsetto, Lisa|Jansson, Maya"
iadb-f4aeae21f9a3bd6a16c0d493a387e29f,"Urban Transport and Poverty: Mobility and Accessibility Effects of IDB-supported BRT Systems in Cali and Lima",,Publication,"Inter-American Development Bank",IGO,,igo,"development bank",2016-09-15,6,16,https://publications.iadb.org/en/urban-transport-and-poverty-mobility-and-accessibility-effects-idb-supported-brt-systems-cali-and,https://app.overton.io/document.php?policy_document_id=iadb-f4aeae21f9a3bd6a16c0d493a387e29f,,,"Bus rapid transit|Public transport|Poverty",eng,"Scholl, Lynn|Bouillon, César P.|Oviedo, Daniel|Corsetto, Lisa|Jansson, Maya"
iadb-f4aeae21f9a3bd6a16c0d493a387e29f,"Urban Transport and Poverty: Mobility and Accessibility Effects of IDB-supported BRT Systems in Cali and Lima",,Publication,"Inter-American Development Bank",IGO,,igo,"development bank",2016-09-15,6,16,https://publications.iadb.org/en/urban-transport-and-poverty-mobility-and-accessibility-effects-idb-supported-brt-systems-cali-and,https://app.overton.io/document.php?policy_document_id=iadb-f4aeae21f9a3bd6a16c0d493a387e29f,,,"Bus rapid transit|Transport|Masivo Integrado de Occidente",spa,"Scholl, Lynn|Bouillon, César P.|Oviedo, Daniel|Corsetto, Lisa|Jansson, Maya"
apo-d8a1c319bdaaf2e69e2250f7bf7c403d,"Factors Influencing Public Transport Use: A Study of University Commuters' Travel and Mode Choice Behaviours",,Publication,"Analysis & Policy Observatory",Australia,,other,aggregator,2016-04-20,0,0,https://apo.org.au/node/63290,https://app.overton.io/document.php?policy_document_id=apo-d8a1c319bdaaf2e69e2250f7bf7c403d,,,"Survey methodology|Public transport|Transport",eng,"Australian Cities Research Network"
apo-accccfc0127d9d67cb09521beb2da542,"Toward a Greater Understanding of Food Access in Melbourne",,Publication,"Analysis & Policy Observatory",Australia,,other,aggregator,2015-12-03,0,0,https://apo.org.au/node/60047,https://app.overton.io/document.php?policy_document_id=apo-accccfc0127d9d67cb09521beb2da542,,,"Food desert|Research|Public transport",eng,"Australian Cities Research Network"
internationaltransportforum-7a680fcb9b80d7d44cf15e03f682f9fe,"A Delicate Balance: Mobility and Access Needs, Expectations and Costs",,Publication,"International Transport Forum",IGO,,igo,,2015-09-25,3,3,https://www.itf-oecd.org/delicate-balance-mobility-and-access-needs-expectations-and-costs,https://app.overton.io/document.php?policy_document_id=internationaltransportforum-7a680fcb9b80d7d44cf15e03f682f9fe,,,"International Transport Forum|Economic growth|Public transport",eng,
governmentofestonia-a31cca9b161bbad2dffb58e395914c03,"Tartu Ulikooli sotsiaalteaduslike rakendusuuringute keskus RAKE","University of Tartu Center for Applied Social Research RAKE",Publication,"Government of Estonia",Estonia,,government,,2015-05-16,0,0,https://www.siseministeerium.ee/sites/default/files/dokumendid/Uuringud/Ruumiline_planeerimine/2015_teenuskeskuste_uuringu_lopparuanne.pdf,https://app.overton.io/document.php?policy_document_id=governmentofestonia-a31cca9b161bbad2dffb58e395914c03,,,,est,"Ministry of the Interior"
inspq_canada-626f37f20129e85350d9f1253befe216,"The Built Environment and Physical Activity: Data Collection Tools to Support Intervention",,"Clinical guidance","Institut national de santé publique du Québec",Canada,,government,"healthcare agency",2015-03-02,0,0,https://www.inspq.qc.ca/en/publications/1953,https://app.overton.io/document.php?policy_document_id=inspq_canada-626f37f20129e85350d9f1253befe216,,,"Traffic|Survey methodology|Self-report study",eng,"Éric Robitaille"
vinnovase-518e764bd185a0b71b2344119917fb5c,"The many Faces of Implementation",,Publication,Vinnova,Sweden,,government,agency,2014-11-28,0,0,https://www.vinnova.se/publikationer/the-many-faces-of-implementation/,https://app.overton.io/document.php?policy_document_id=vinnovase-518e764bd185a0b71b2344119917fb5c,,,"Research|Innovation|Enterprise resource planning",eng,
ipeabr-3ffc59a69a8f4423cdb284c5ad618685,"TD 1966 - Envelhecimento Populacional, Gratuidades no Transporte Público e Seus Efeitos Sobre as Tarifas na Região Metropolitana de São Paulo","TD 1966 - Population Aging, Free Public Transport and Its Effects on Tariffs in the São Paulo Metropolitan Region",Publication,"Instituto de Pesquisa Econômica Aplicada",Brazil,,"think tank",,2014-05-02,0,0,http://www.ipea.gov.br/portal/index.php?option=com_content&view=article&id=22266,https://app.overton.io/document.php?policy_document_id=ipeabr-3ffc59a69a8f4423cdb284c5ad618685,,,"Public transport|Brazil|City",por,"Rafael Henrique Moraes Pereira, Carlos Henrique Ribeiro de Carvalho, Pedro Herculano G Ferreira de Souza e Ana Amelia Camarano"
inspq_canada-f4095c3fe21c39d5199b886fff8ee4c6,"L'environnement bâti et la pratique d'activité physique : des outils de collecte de données pour soutenir l'intervention","The built environment and the practice of physical activity: data collection tools to support intervention","Clinical guidance","Institut national de santé publique du Québec",Canada,,government,"healthcare agency",2014-03-11,0,1,https://www.inspq.qc.ca/publications/1778,https://app.overton.io/document.php?policy_document_id=inspq_canada-f4095c3fe21c39d5199b886fff8ee4c6,,,"Pedestrian zone|Natural environment|Geographic information system",fre,"Éric Robitaille"
ipcc-fa957a7cfe7a4a87f1522afb3e152e34,"AR5 Climate Change 2014: Impacts, Adaptation, and Vulnerability",,Publication,IPCC,IGO,,igo,,2014-03-01,4095,4101,https://www.ipcc.ch/report/ar5/wg2/,https://app.overton.io/document.php?policy_document_id=ipcc-fa957a7cfe7a4a87f1522afb3e152e34,,,"Intergovernmental Panel on Climate Change|Climate change|Sea level rise",eng,
ipcc-fa957a7cfe7a4a87f1522afb3e152e34,"AR5 Climate Change 2014: Impacts, Adaptation, and Vulnerability",,Publication,IPCC,IGO,,igo,,2014-03-01,4095,4101,https://www.ipcc.ch/report/ar5/wg2/,https://app.overton.io/document.php?policy_document_id=ipcc-fa957a7cfe7a4a87f1522afb3e152e34,,,"Climate change|Air pollution|Wildfire",eng,
diwde-c178ce999423311aca6f2ff6aa9bce04,"Examining the Structure of Spatial Health Effects in Germany Using Hierarchical Bayes Models",,Publication,DIW,Germany,,"think tank",,2014-01-16,0,0,https://www.diw.de/de/diw_01.c.458512.de/publikationen/soeppapers/2013_0620/examining_the_structure_of_spatial_health_effects_in_germany_using_hierarchical_bayes_models.html,https://app.overton.io/document.php?policy_document_id=diwde-c178ce999423311aca6f2ff6aa9bce04,,,"Confidence interval|Correlation and dependence|Akaike information criterion",eng,"DIW Berlin"
unitednations-6aad9a84ba8322bb7dd2be0b218b7981,"Climate change 2014 :impacts, adaptation, and vulnerability.",,Publication,"United Nations",IGO,,igo,,2014-01-01,19,19,https://digitallibrary.un.org/record/3893056?ln=en,https://app.overton.io/document.php?policy_document_id=unitednations-6aad9a84ba8322bb7dd2be0b218b7981,"CLIMATE CHANGE|GOVERNMENT POLICY|INTERNATIONAL COOPERATION",,"Climate change adaptation|Sea level rise|Representative Concentration Pathway",eng,"Field, Christopher B.|Barros, Vicente R."
wellesleyinstitute-f5df32081e82e537da9e9ff797028f0d,"The Spatial Trap: Exploring Equitable Access To Public Transit",,Publication,"Wellesley Institute",Canada,,"think tank",,2013-10-30,2,2,https://www.wellesleyinstitute.com/publications/the-spatial-trap-exploring-equitable-access-to-public-transit/,https://app.overton.io/document.php?policy_document_id=wellesleyinstitute-f5df32081e82e537da9e9ff797028f0d,,,"Toronto subway|Public transport|The Big Move",eng,
pblnl-ec36d2f4aad034e12936125573b11bfb,"Rocketing rents - The magnitude and attenuation of agglomeration economies in the commercial property market",,Publication,"PBL Netherlands Environmental Assessment Agency",Netherlands,,government,agency,2013-05-27,0,0,https://www.pbl.nl/en/publications/rocketing-rents-the-magnitude-and-attenuation-of-agglomeration-economies-in-the-commercial-property-market,https://app.overton.io/document.php?policy_document_id=pblnl-ec36d2f4aad034e12936125573b11bfb,,,"Instrumental variables estimation|Correlation and dependence|Fixed effects model",eng,
pblnl-79774d5f5fc97a4f4358fbda172704d9,"A hedonic price analysis of the value of industrial sites",,Publication,"PBL Netherlands Environmental Assessment Agency",Netherlands,,government,agency,2013-03-11,0,0,https://www.pbl.nl/en/publications/a-hedonic-price-analysis-of-the-value-of-industrial-sites,https://app.overton.io/document.php?policy_document_id=pblnl-79774d5f5fc97a4f4358fbda172704d9,,,"Real estate appraisal|Hedonic regression|Research",eng,
jointresearcheu-2981d35a6c458dcd3db15fb23e9c650c,"The Calibration of Traffic Simulation Models : Report on the assessment of different Goodness of Fit measures and Optimization Algorithms MULTITUDE Project – COST Action TU0903",,Publication,"Joint Research Centre",EU,,government,agency,2012-03-22,0,0,https://publications.jrc.ec.europa.eu/repository/handle/JRC68403,https://app.overton.io/document.php?policy_document_id=jointresearcheu-2981d35a6c458dcd3db15fb23e9c650c,"Energy and transport|Environment and climate change",,"Mathematical optimization|Simultaneous perturbation stochastic approximation|Kriging",eng,"CIUFFO Biagio|PUNZO Vincenzo|MONTANINO Marcello"
governmentofcanada-6861b388eb03d06040670ba3cedd411c,"Canada's aging population and public policy. 7, The effects on community planning / Havi Echenberg. : YM32-5/2012-02E-PDF Publications - Canada.ca",,Publication,"Government of Canada",Canada,,government,,2012-01-01,0,0,http://publications.gc.ca/site/eng/9.573711/publication.html,https://app.overton.io/document.php?policy_document_id=governmentofcanada-6861b388eb03d06040670ba3cedd411c,,,"Public transport|Universal design|Canada Mortgage and Housing Corporation",eng,"Canada Parliamentary Information and Research Service."
oecddiscovery-fab0502404699254de0576fcb4c735f4,"The Future of Families to 2030",,Publication,OECD,IGO,,igo,,2011-12-22,57,94,https://dx.doi.org/https://doi.org/10.1787/9789264168367-en,https://app.overton.io/document.php?policy_document_id=oecddiscovery-fab0502404699254de0576fcb4c735f4,,,Family|Unemployment|Poverty,eng,
moturesearch-80c765da0ddf332dc959faa45fb22bc0,,,"Working paper",Motu,"New Zealand",,"think tank",,2011-12-14,2,13,https://www.motu.nz/our-research/environment-and-resources/lurnz/rural-land-use-and-land-tenure-in-new-zealand/,https://app.overton.io/document.php?policy_document_id=moturesearch-80c765da0ddf332dc959faa45fb22bc0,,,"Likelihood function|Logistic regression|Discrete choice",eng,
moturesearch-06e3b9ae7a572d6ec29a3bd55acbf4b8,"Rural Land Use and Land Tenure in New Zealand",,"Working paper",Motu,"New Zealand",,"think tank",,2011-12-14,1,2,https://www.motu.nz/our-research/environment-and-resources/env-modelling/rural-land-use-and-land-tenure-in-new-zealand/,https://app.overton.io/document.php?policy_document_id=moturesearch-06e3b9ae7a572d6ec29a3bd55acbf4b8,,,"Likelihood function|Logistic regression|Discrete choice",eng,
vtise-4b9502eb51de401a7820b6a1aec687fe,"A long term analysis of the mechanisms underlying childrens activity-travel engagements in the Osaka metropolitan area",,Publication,VTI,Sweden,,government,,2011-12-12,0,0,https://vti.diva-portal.org/smash/record.jsf?dswid=-423&pid=diva2%3A669346&c=3736&searchType=RESEARCH&language=en&query=&af=%5B%5D&aq=%5B%5B%5D%5D&aq2=%5B%5B%5D%5D&aqe=%5B%5D&noOfRows=250&sortOrder=dayCreated_desc&sortOrder2=title_sort_asc&onlyFullText=false&sf=all,https://app.overton.io/document.php?policy_document_id=vtise-4b9502eb51de401a7820b6a1aec687fe,,,"Structural equation modeling|Child|Branches of science",eng,
oecddiscovery-867ba7cb6499618655337d4e2f8cc369,"Comment va la vie ?","How&#39;s life ?",Publication,OECD,IGO,,igo,,2011-10-12,6,44,https://dx.doi.org/10.1787/9789264121195-fr,https://app.overton.io/document.php?policy_document_id=oecddiscovery-867ba7cb6499618655337d4e2f8cc369,,,"Gross domestic product|Sustainable development|Quality of life",fre,
oecddiscovery-f559848ac3158bde5887882875391784,"How's Life?",,Publication,OECD,IGO,,igo,,2011-10-12,109,257,https://dx.doi.org/10.1787/9789264121164-en,https://app.overton.io/document.php?policy_document_id=oecddiscovery-f559848ac3158bde5887882875391784,,,"Gross domestic product|Quality of life|Economic inequality",eng,
oecddiscovery-9b6a00f44ecd0ccce66692125ec4e749,"A Delicate Balance: Mobility and Access Needs, Expectations and Costs",,"Working paper",OECD,IGO,,igo,,2011-04-01,1,2,https://dx.doi.org/10.1787/5kg9mq4hk6jg-en,https://app.overton.io/document.php?policy_document_id=oecddiscovery-9b6a00f44ecd0ccce66692125ec4e749,,,"International Transport Forum|Economic growth|Public transport",eng,"David Metz"
provinceofquebec-465a5dabd67124216f214a20fd2976bd,"Organisation de l'aide et des services de soutien à domicile - Inventorier pour innover","Organization of home help and support services - Inventory to innovate",Publication,"Province of Québec",Canada,,government,,2011-03-28,0,0,https://frq.gouv.qc.ca/app/uploads/2021/09/pc_vezinaa_rapport-2011_aide-services-domicile.pdf,https://app.overton.io/document.php?policy_document_id=provinceofquebec-465a5dabd67124216f214a20fd2976bd,,,"Health care|Health|Caregiver",eng,
governmentofcanada-6d41620e9d5abfdedc616a7bd879f755,"Measuring the food environment in Canada : H164-155/2012E-PDF Publications - Canada.ca",,Publication,"Government of Canada",Canada,,government,,,0,1,http://publications.gc.ca/site/eng/9.696423/publication.html,https://app.overton.io/document.php?policy_document_id=governmentofcanada-6d41620e9d5abfdedc616a7bd879f755,,,"Cost of living|Food desert|Obesity",eng,"Canada Health Canada."
